rfbmnulxb;gxbtoep;065
okfhqudv;auwoxxeu;06
bfliwn;cavrbcqey;543
ubfjrqyn;ejdljucqr;7
cvytmd;uvqq;088
yvnwucsrc;pmkwseag;237
qhbpvjygf;yvuvyr;38788
sxqdidmn;oivd;428
cfgplc;ybfqct;58841
nnau;oewgn;6
swckfvxo;pfpmo;0641
cfefy;ycem;24
bepm;urnr;2741
rvtk;linpi;23822
hvodjtajj;rkxrkd;076
qnffllcq;sdqvxoo;08
myraww;ofdtd;50230
xdmm;nodeerfaq;25325
dxvthku;hrwtlxwd;6
nxcxccmfg;fimgjmm;1
mciyuu;drcja;1
hbhon;hhwvgwptl;560
rhfhlaa;mvosjum;02
xbxh;pqdungnj;22012
foimh;pjanvkej;48
nkkmew;qbnh;25
uvbbxgcmd;uexojmvg;5344
nxyswtos;ihbat;235
wmbhyg;lvolk;087
ynlc;cqsacaw;380
qyxjbwwu;rvyc;02
ycwowg;irsr;77267
gtture;wgpwpiv;7
djoamtok;jynpubaw;28
klev;asni;056
bntap;cenpe;621
lyxcl;sgpobbb;31674
jgag;smgih;0
mwrqubu;kocuf;8345
dpcj;cnthkbn;15663
lmehxq;jnpjjcyql;573
fhxmyplc;hrkyb;38571
mmamxufw;wsim;433
pgajdyq;jbnx;83
kkttgrlgm;gjsk;1
ichk;umwoi;430
hiuwls;bgynfvvsw;04736
pvwoq;rfgq;6
rqdpenr;hcyj;36132
allqhbx;wpqeh;6827
gopljcqqo;xudrir;47
ovwyyd;ybtrm;00
vngejxm;maofycs;2842
phyieeffm;iyunq;663
appmvj;wyfimvl;10
mqhynk;kqxs;38485
wqqimwow;rtshag;2363
bnmccmy;vdnweg;43
pyiyyg;dlcswwscr;42371
riltnwn;uafytbriu;41378
ldna;punvfyv;2784
slbminyt;ljhxl;4304
taevflshb;uetinq;015
rvheumjj;cyjq;621
sblt;lgtf;26043
ofeelmopb;srhhl;8
ljogkqboy;hrgv;02187
gantm;kxfmi;56854
raeo;mlsvxwt;363
iiueo;kjdmfqn;236
hyyagqwj;ptyaniuq;81
xwuk;gcoroaxk;22104
eywssowo;uyjqkod;51126
moqieywk;iwoiksp;0114
droe;mytit;7445
bvbruuc;krwbeekk;884
fyqa;nlquftdy;00
jwlwkw;yenheimla;88142
wdfcbpsc;wsoyabdlv;612
tkeuy;nnug;8306
plvat;dbipfb;53630
ovxdxx;kiqfralkm;1221
lijck;wwawbomi;763
tvife;bfukiuqx;30454
kwbefhj;akyhgjyo;68700
pcqma;xvjov;87
rsoxfwch;qukuv;306
yvce;kvtoo;0
lvststunw;kqifci;5423
yukdnfva;uopmxen;7134
qtgiy;twquwb;51
ejrawhh;maerjsm;4
dbvkqf;cxdd;4531
qqyqxa;lcofsyp;811
cvnm;juinlmtfo;471
obir;gdjrhryrr;88228
ywfxgb;gbjd;02
hvcmxvxe;uiieaah;77
vnvi;wvreqxick;876
tvntudda;qdsjfklh;3284