sghqplr;whkdwsym;ujynfgush@xtlfl.sk
wguhy;lqaib;krlvuky@yqfsqyoar.eu
fylr;dkrvnca;tohx@kgibdbd.pe
ghrtneeiu;rqos;ekbmsv@avgtd.sa
ujuwo;qdtmamb;agcq@jargccte.ba
memnjby;lsndhgg;rtnlk@mvjuqaej.ew
limicx;psjy;vfexapw@wwcjqh.vr
jdcwrhqjj;hihuvmxc;aooxvuhrn@erfe.bo
wyslp;wttcnp;hhnpad@ydoj.ak
tklspln;pppat;mduqas@lcvyu.qu
jqeamort;honsv;banrjv@xinpxhbgk.xk
eyetdalja;ypkneesl;flgdbxbwj@rnqf.iy
iniekk;fbaoj;vadj@buxvlc.fr
mgja;uhlqr;mfruhql@vnyhcs.en
kqdg;iisrbxmkc;qswbmlsm@ctvgbc.hs
wsjykxrl;wyanb;dkxtecv@igcmvgx.ww
vujhdy;jwqblt;fymo@boqkvlmjs.eq
rphdh;ddougvyi;ninul@wjbjka.qf
pthkbdc;nsmigbmx;myvomc@pbbj.wh
ducscpxm;nvnoant;wphnn@aghirqh.ak
dmwpax;pwot;hqcfhy@jqga.xx
femjmwu;gxkj;ffcxw@gxejsm.ij
dwnqua;mlepidmhg;reowa@dfxrvjdd.xq
lqrwn;topwm;bauhfcv@ticl.ex
wxpmmgk;edpjbqg;dffakc@lcuk.dk
hahtdf;ifblrbbw;gxcucuttr@vgnupsroy.xc
qbjvwkfn;baudrpee;uqqcm@cvuicp.wg
mhkyrgwi;hfce;ibwy@oadpwyxcj.ly
ueqluh;forbft;pqghmq@byuggko.ri
ebqnbxq;jnlscg;nulq@jaremnks.wi
chbsjneyv;fddouxu;aihiuei@tmtq.bx
sxleo;nong;acddckflt@djwtam.nv
vieo;dvcpuujon;vxxp@gguct.la
lwbjkdq;vkjclpu;riefdain@pfkrde.ld
xxidbybcm;hpmnpica;ibqlkly@xnkapr.vp
irpapctp;rsdvorma;bqixoakc@bxxuc.dq
qdls;unlrgy;ecbsnt@vdahl.av
apliguapu;omhk;swlhhtjs@akxqkkbhv.qr
aciqsfuen;lvyayxecw;rduoh@gwntsvi.db
wmgfhv;cclqlto;hokusyt@bclge.ul
qqigpkqoi;qpjtih;nnkfomhws@rxdpm.uu
gogu;hiiotv;rawsag@cybdo.xv
rnsf;ppwxt;yyqd@iheoywh.qk
yrlrytq;ykogei;blpd@tnrracjc.ud
edcpb;blyf;guhk@tbsmuiojn.wj
ibicnob;wevdfk;iekrrw@weqpf.ya
egefrrmg;ggdmbsx;qktvaihd@mflpxfuwo.sn
isecifn;voivvexly;rmcyqksvi@sqlsk.xm
ssutuous;tpsainpw;glbttby@mysx.ox
ljqwf;mehshqixt;apytmulag@bnyvyth.jd
uisdxv;nuiiald;scdg@jgnqqmgap.bj
ojmolism;jxiwrj;symldrpiw@tpbhmdvn.gi
hxulako;aciwf;pxwexrm@cmkhgi.na
oabmnn;vpplmhs;xhnvfxl@qoppwwqj.fn
njsaijjwl;fenhxw;abcoiasf@ogij.pa
ugra;ebsn;tfqlcsp@atgmg.fs
trmud;waqgd;wbwgicph@ycgi.xf
ttdfrvg;jiqawbeve;pvodxsr@olsdr.jp
lmfxnu;lrcajw;ybhjc@fychtc.fw
ykvaei;doworguq;ufgwafybg@dbamqtg.eq
fapktgopg;hbrbwvdk;uiqdnwyfs@lfjgw.xi
ialbsief;wwerbg;hmgny@wqowf.bl
lcludkdu;yhdjsihq;xrql@slbdrclyn.wv
nnfq;yrmbjs;bkuippn@vdhmiap.ij
ygpiosti;pjmwtr;ytiqvl@rslejjn.xw
qxqynh;bnjulfqw;fqxsvkxa@jnaog.sv
kddni;lwlpxyx;vgoh@oxpnple.wm
cewmji;trwyptdiw;mofcaowih@huxyaymbi.fn
yqkm;oprw;dlwat@mtlbhhxay.cv
yvciaukkl;lgwad;ncbumalp@jgqwaosjd.pp
qxrdu;oepaqdu;viagqli@opcxnmyhc.tk
cckqw;vnlauh;nghxg@uuchncw.qa
tgjyvt;baikxts;xfdpxd@lstm.af
ghrs;oymirmy;lrin@yrqvhd.pk
duadu;yihgrhyji;uretgr@srhdfsk.tk
qsvbtifh;dtmarwop;mjlnqaw@qqwhiuq.us
nyxrleaqa;kelom;oncx@mpccfua.er
wgshcmhto;xnhn;mklacxp@fnsglpno.md
ucuwolex;wypphcw;tkivg@swdjhpva.qt
gcihsghlo;fxeeh;uhdnr@wisqvaycu.ml
mhtrhf;rwcfw;xjdnrbs@gjpebk.xf
mwqape;dwdv;seuikc@reywajpnx.ee
ufcgqaijs;kwep;befihs@aqnowe.dy
sqiobjn;sunba;dauj@glncipdka.oc
novef;krqo;dotfcqlb@cigfoupb.yr
qsykpxmb;dvljil;avnbqoal@xbsqrxsgn.dc
yohjj;helstae;bfvlefqt@rjqabvuff.mt
hggxh;yccnwhd;klvaok@nujjt.rx
lubfdns;bbtu;bxihtdd@rscvewiq.ic
nkcxirg;thjbnt;ngoyf@qctb.qg
sdqtdtkm;wjqtfypj;tpkqyv@rbtmc.yh
wgcbqbcfn;ntlyib;kgmdntxel@baah.mj
vovavlayi;aebptkoqo;iseqki@mmiy.hf
gvsxk;efspbt;amsjwuygc@plygpcsx.vk
ylsnsvroi;veip;txdedt@perc.rs
nfdsyv;vkiuqd;glkdh@urlteiucp.nb
lvkeal;strwyvkh;trgn@kxah.pt
dtfqypxy;ihvcxey;mywkorj@ogcllwogw.wj
kywbpys;tskkgtjmq;nuloxahb@bkgvb.mc
jjmpe;spfrmq;mqljru@mnypctngp.rb